{
    "accuracy": 0.6201117318435754,
    "precision": 0.5161290322580645,
    "recall": 0.2318840579710145,
    "f1": 0.32
}