{
    "accuracy": 0.8156424581005587,
    "precision": 0.78125,
    "recall": 0.7246376811594203,
    "f1": 0.7518796992481203
}